activity_slug,activity_name,venue_id,venue_name,area,address,latitude,longitude,price_min_aed,price_max_aed,cost_per_person_min_aed,cost_per_person_max_aed,pricing_basis,price_note,indoor,min_people,max_people,duration_min_minutes,duration_max_minutes,opening_hours,description,website_url,booking_url,maps_url,current_image_url,source_url,price_verified_at,last_verified_at,verified,active,women_only,court_count,amenities,cover_image_url,image_2_url,image_3_url,image_source_url,image_credit,image_rights_status,image_notes,publish_status,admin_notes
restaurants-food,Restaurants / Food,7a516dda-721c-4b03-b454-ffee674ad614,3Fils,Jumeirah Fishing Harbour,"Jumeirah Fishing Harbour 1, Dubai",,,,,,,menu pricing,À-la-carte modern Asian menu; check current prices.,true,1,8,60,120,{},Casual modern Asian restaurant at Jumeirah Fishing Harbour.,https://www.visitdubai.com/en/restaurants/3-fils,,,,https://www.visitdubai.com/en/restaurants/3-fils,,2026-08-17T10:30:55.336979+00:00,true,true,false,,[],,,,,,,,published,
trampoline-parks,Trampoline Parks,311c6aeb-d129-42da-aee2-799c6d783990,Air Maniax — Arabian Center,Al Mizhar,"Arabian Center, Al Khawaneej St, Al Mizhar 1, Dubai",,,90,249,90,249,per person,"General access: AED 90 one hour, AED 130 two hours, AED 199 full day. Premium: AED 120/160/249.",true,1,,60,480,{},"Inflatables, ninja warrior, parkour and family activity zones.",https://airmaniax.com/arabian-center-dubai/pricing/,https://airmaniax.com/arabian-center-dubai/pricing/,,,https://airmaniax.com/arabian-center-dubai/pricing/,2026-08-17T10:30:55.336979+00:00,2026-08-17T10:30:55.336979+00:00,true,true,false,,[],,,,,,,,published,
picnic-park,Picnic / Park,1008651b-51d5-4482-8794-767895968176,Al Barsha Pond Park,Al Barsha,,,,0,0,0,0,free public park,Public park; activity rentals may cost extra.,false,1,,60,300,{},"Family park with a large pond, paths and green space.",https://www.visitdubai.com/en/places-to-visit/al-barsha-pond-park,,,,https://www.visitdubai.com/en/places-to-visit/al-barsha-pond-park,2026-08-17T10:30:55.336979+00:00,2026-08-17T10:30:55.336979+00:00,true,true,false,,[],,,,,,,,published,
walking,Walking,d466e1c9-504c-4a91-8f02-3d278a5a9a9e,Al Fahidi Historical Neighbourhood Walk,Al Fahidi / Bur Dubai,,,,0,0,0,0,free public walk,Walking the neighbourhood is free; individual museums/attractions may charge.,false,1,,45,180,{},"Explore traditional lanes, wind towers and heritage buildings.",https://www.visitdubai.com/en/places-to-visit/al-fahidi-historical-neighbourhood,,,,https://www.visitdubai.com/en/places-to-visit/al-fahidi-historical-neighbourhood,2026-08-17T10:30:55.336979+00:00,2026-08-17T10:30:55.336979+00:00,true,true,false,,[],,,,,,,,published,
cycling,Cycling,0525901e-8778-4165-a78b-92908a9d8466,Al Qudra Cycle Track,Al Qudra,,,,0,0,0,0,free track access,Track access is free; bike rental is extra.,false,1,,60,300,{},Popular desert cycling route for road bikes.,https://www.visitdubai.com/en/places-to-visit/al-qudra-cycling-track,,,,https://www.visitdubai.com/en/places-to-visit/al-qudra-cycling-track,2026-08-17T10:30:55.336979+00:00,2026-08-17T10:30:55.336979+00:00,true,true,false,,[],,,,,,,,published,
picnic-park,Picnic / Park,e516c484-50b1-4464-aed3-e5811d80a1b7,Al Qudra Lakes,Al Marmoom,,,,0,0,0,0,free entry,Entry is free and no pre-booking or permit is required.,false,1,,60,360,{},"Desert lakes popular for picnics, photography and wildlife spotting.",https://www.visitdubai.com/en/articles/dubais-photogenic-spots,,,,https://www.visitdubai.com/en/articles/dubais-photogenic-spots,2026-08-17T10:30:55.336979+00:00,2026-08-17T10:30:55.336979+00:00,true,true,false,,[],,,,,,,,published,
walking,Walking,5a132735-bf49-4225-8cc3-013952636142,Al Seef Waterfront Walk,Al Seef / Dubai Creek,,,,0,0,0,0,free public walk,Public waterfront destination; no entry fee.,false,1,,30,180,{},"Creekside walk combining old-Dubai architecture, shops and restaurants.",https://www.visitdubai.com/en/places-to-visit/al-seef,,,,https://www.visitdubai.com/en/places-to-visit/al-seef,2026-08-17T10:30:55.336979+00:00,2026-08-17T10:30:55.336979+00:00,true,true,false,,[],,,,,,,,published,
museums-galleries,Museums / Galleries,d02ffbab-db6e-4e07-8143-2bc3631d04bd,Alserkal Avenue,Al Quoz,,,,0,0,0,0,free district entry,The creative district is free to enter; individual events/workshops may charge.,true,1,,60,240,{},"Creative district with galleries, Cinema Akil, cafés and cultural spaces.",https://www.visitdubai.com/en/places-to-visit/alserkal-avenue,,,,https://www.visitdubai.com/en/places-to-visit/alserkal-avenue,2026-08-17T10:30:55.336979+00:00,2026-08-17T10:30:55.336979+00:00,true,true,false,,[],,,,,,,,published,
theme-parks-attractions,Theme Parks / Attractions,bd94318b-391f-4c0d-a847-2f245ced5cc6,Aquaventure World,Palm Jumeirah,,,,,,,,date/package pricing,Ticket prices vary by date/package; check live rate when booking.,false,1,,240,480,{},Large waterpark at Atlantis The Palm.,https://www.atlantis.com/dubai/aquaventure,https://www.atlantis.com/dubai/aquaventure,,,https://www.atlantis.com/dubai/aquaventure,,2026-08-17T10:30:55.336979+00:00,true,true,false,,[],,,,,,,,published,
desert-activities,Desert Activities,69f17694-1499-4d5f-a47b-37cb69bbff69,Arabian Adventures — Evening Desert Safari,Dubai Desert Conservation Reserve,,,,649,649,649,649,per person,Shared evening desert safari with soft beverages from AED 649 per person.,false,1,6,360,360,{},"Dune drive, sunset stop, desert camp, dinner and entertainment.",https://experiences.visitdubai.com/productDetail/47481,https://experiences.visitdubai.com/productDetail/47481,,,https://experiences.visitdubai.com/productDetail/47481,2026-08-17T10:30:55.336979+00:00,2026-08-17T10:30:55.336979+00:00,true,true,false,,[],,,,,,,,published,
desert-activities,Desert Activities,0968a5e6-5970-4f03-b9c4-99a99378ec34,Arabian Adventures — Fort Lisaili Desert Experience,Lisaili,,,,99,399,99,399,per person; option dependent,Self-drive experience from AED 99; shared transfer from AED 175; shared 4WD desert experience from AED 399. Add-ons cost extra.,false,1,6,240,360,{},"Desert camp with camel ride, archery, dinner and live entertainment.",https://experiences.visitdubai.com/productDetail/87472,https://experiences.visitdubai.com/productDetail/87472,,,https://experiences.visitdubai.com/productDetail/87472,2026-08-17T10:30:55.336979+00:00,2026-08-17T10:30:55.336979+00:00,true,true,false,,[],,,,,,,,published,
desert-activities,Desert Activities,7616f6dd-ee98-4734-9011-4932e118e7c1,Arabian Adventures — Morning Desert Adventure,Dubai Desert Conservation Reserve,,,,479,479,479,479,per person,Shared-vehicle morning desert adventure from AED 479 per person.,false,1,6,240,240,{},"Morning dune drive, sandboarding and camel ride.",https://experiences.visitdubai.com/productDetail/22644,https://experiences.visitdubai.com/productDetail/22644,,,https://experiences.visitdubai.com/productDetail/22644,2026-08-17T10:30:55.336979+00:00,2026-08-17T10:30:55.336979+00:00,true,true,false,,[],,,,,,,,published,
restaurants-food,Restaurants / Food,b1a5635c-091e-478d-9d00-2a71764381cc,Aroos Damascus,Deira,,,,,,,,menu pricing,À-la-carte Syrian menu; check current prices.,true,1,12,45,120,{},"Popular Syrian restaurant known for grills, mezze and generous portions.",https://www.visitdubai.com/en/restaurants/aroos-damascus,,,,https://www.visitdubai.com/en/restaurants/aroos-damascus,,2026-08-17T10:30:55.336979+00:00,true,true,false,,[],,,,,,,,published,
restaurants-food,Restaurants / Food,c06c0e7b-91d7-4cda-9b87-bc93556574dd,Bait Maryam,JLT,,,,,,,,menu pricing,À-la-carte Levantine menu; check current prices.,true,1,10,60,120,{},Home-style Levantine restaurant.,https://www.visitdubai.com/restaurants/bait-maryam,,,,https://www.visitdubai.com/restaurants/bait-maryam,,2026-08-17T10:30:55.336979+00:00,true,true,false,,[],,,,,,,,published,
coffee-cafe,Coffee / Café,ed3cd618-1fc8-4c90-b3c3-1d97338582fb,Boston Lane,Al Quoz,,,,,,,,menu pricing,Menu pricing varies; check current menu.,true,1,8,30,120,{},Australian-style café in The Courtyard.,https://www.visitdubai.com/en/restaurants/boston-lane,,,,https://www.visitdubai.com/en/restaurants/boston-lane,,2026-08-17T10:30:55.336979+00:00,true,true,false,,[],,,,,,,,published,
restaurants-food,Restaurants / Food,c9f0788b-b4cb-474c-8b08-10d8c87cd29e,Bu Qtair,Umm Suqeim / Jumeirah,,,,,,,,menu pricing,Seafood is priced by selection/weight; check current price at venue.,true,1,8,45,120,{},Casual seafood institution near the coast.,https://www.visitdubai.com/en/restaurants/bu-qtair,,,,https://www.visitdubai.com/en/restaurants/bu-qtair,,2026-08-17T10:30:55.336979+00:00,true,true,false,,[],,,,,,,,published,
karting,Karting,73c66243-a218-4100-bd19-ef79e88bcbdb,Chaos Karts Dubai,Al Quoz,,,,140,140,140,140,per person,Standard ticket starts from AED 140 for a 20-minute immersive race; expect around 1 hour at venue.,true,1,8,20,20,{},Augmented-reality indoor go-karting and video-game experience.,https://chaoskarts.ae/,https://chaoskarts.ae/,,,https://chaoskarts.ae/,2026-08-17T10:30:55.336979+00:00,2026-08-17T10:30:55.336979+00:00,true,true,false,,[],,,,,,,,published,
billiards-pool,Billiards / Pool,3c9d55c8-676d-4e4e-b55f-c0ced4c2d430,Cue King,Al Quoz,,,,,,,,check venue,Check venue for current table rate.,true,1,4,60,60,{},Snooker and billiards club in Al Quoz.,https://cueking.ae/,https://cueking.ae/,,,https://cueking.ae/,,2026-08-17T10:30:55.336979+00:00,true,true,false,,[],,,,,,,,published,
swimming-pool-day,Swimming / Pool Day,a7cdcb01-4d9a-4120-99a9-cb84e5b1796f,DRIFT Beach Dubai,Dubai Marina / One&Only Royal Mirage,,,,150,200,150,200,per person entry,"Beach club access starts AED 150 Mon–Thu and AED 200 Fri–Sun, redeemable on venue amenities/F&B per current offer.",false,1,,120,600,{},Beach club with pool and beachfront lounging.,https://driftbeachdubai.com/,https://driftbeachdubai.com/,,,https://www.visitdubai.com/en/articles/dubais-photogenic-spots,2026-08-17T10:30:55.336979+00:00,2026-08-17T10:30:55.336979+00:00,true,true,false,,[],,,,,,,,published,
bowling,Bowling,a7f699f7-b88f-41a4-a108-693b34dce0e4,Dubai Bowling Center,Al Quoz,"Al Quoz 1, Meydan Road, Dubai",,,,,,,check venue,Check current lane/game rate with venue.,true,1,6,60,60,{},Bowling and arcade entertainment centre.,https://bowlingdubai.com/,https://bowlingdubai.com/,,,https://bowlingdubai.com/,,2026-08-17T10:30:55.336979+00:00,true,true,false,,[],,,,,,,,published,
theme-parks-attractions,Theme Parks / Attractions,88c15896-3218-48c2-99f5-cfdd76c67fc6,Dubai Frame,Zabeel Park,,,,50,50,50,50,adult ticket,Adult admission AED 50; child rates differ.,true,1,,60,120,{},150m landmark with panoramic city views and heritage/future galleries.,https://www.visitdubai.com/en/places-to-visit/dubai-frame,https://www.visitdubai.com/en/places-to-visit/dubai-frame,,,https://www.visitdubai.com/en/places-to-visit/dubai-frame,2026-08-17T10:30:55.336979+00:00,2026-08-17T10:30:55.336979+00:00,true,true,false,,[],,,,,,,,published,
bowling,Bowling,f53e41eb-7849-4d45-b812-4440bad95210,Dubai International Bowling Centre,Al Mamzar,,,,22,30,22,30,per person per game,AED 22 per person/game Mon–Thu; AED 25 Fri–Sun; AED 30 public holidays. Lane-hour options also available.,true,1,6,60,60,{},36-lane bowling centre.,https://dubaiinternationalbowlingcentre.ae/,https://dubaiinternationalbowlingcentre.ae/,,,https://dubaiinternationalbowlingcentre.ae/,2026-08-17T10:30:55.336979+00:00,2026-08-17T10:30:55.336979+00:00,true,true,false,,[],,,,,,,,published,
karting,Karting,e3b3d9bf-ccb4-43e0-a43d-9ed4b73d7f89,Dubai Kartdrome,Motor City,,,,160,199,160,199,per driver per session,Regular adult outdoor walk-in rates AED 160/199; 9AM online-exclusive sessions may be AED 99. AED 15 annual membership fee for new/renewing drivers.,false,1,1,15,20,{},1.2km outdoor karting circuit at Dubai Autodrome.,https://dubaiautodrome.ae/kartdrome-main/arrive-drive-2/,https://dubaiautodrome.ae/kartdrome-main/arrive-drive-2/,,,https://dubaiautodrome.ae/kartdrome-main/arrive-drive-2/,2026-08-17T10:30:55.336979+00:00,2026-08-17T10:30:55.336979+00:00,true,true,false,,[],,,,,,,,published,
walking,Walking,2fa19ec2-3ace-46b7-ad4a-ada529c6ddee,Dubai Marina Walk,Dubai Marina,,,,0,0,0,0,free public walk,Public promenade; no entry fee.,false,1,,30,180,{},Waterside promenade around Dubai Marina; roughly 7km around the marina.,https://www.visitdubai.com/en/places-to-visit/marina-walk,,,,https://www.visitdubai.com/en/articles/dubai-marina-walking-tour,2026-08-17T10:30:55.336979+00:00,2026-08-17T10:30:55.336979+00:00,true,true,false,,[],,,,,,,,published,
billiards-pool,Billiards / Pool,6c7613f1-b759-4092-ad58-1305b600eb1d,Dubai Snooker Club,Al Karama,"Khalid Bin Al Waleed Road, Al Karama, Dubai",,,35,40,,,per table per hour,Billiards AED 35/hour; snooker AED 40/hour. Weekday daytime specials may be lower.,true,1,4,60,60,{},Snooker and billiards club.,https://dubaisnookerclub.com/,https://dubaisnookerclub.com/,,,https://dubaisnookerclub.com/,2026-08-17T10:30:55.336979+00:00,2026-08-17T10:30:55.336979+00:00,true,true,false,,[],,,,,,,,published,
basketball,Basketball,2fc1000f-d735-4c36-96b1-ac2fb6b6b517,Dubai Sports World — Basketball,Dubai World Trade Centre,"Za’abeel Halls 2–6, Dubai World Trade Centre, Dubai",,,200,250,,,per court per hour,Court AED 200/hour weekday 8am–4pm; AED 250 other listed times. Seasonal 2026 venue runs 19 Jun–25 Aug.,true,2,10,60,60,{},Indoor basketball courts with parquet flooring.,https://www.dubaisportsworld.ae/sports/basketball/,https://www.dubaisportsworld.ae/sports/basketball/,,,https://www.dubaisportsworld.ae/sports/basketball/,2026-08-17T10:30:55.336979+00:00,2026-08-17T10:30:55.336979+00:00,true,true,false,,[],,,,,,,,published,
football,Football,64d1d9f0-1cb7-4b95-8635-d97db59956a3,Dubai Sports World — Football,Dubai World Trade Centre,"Za’abeel Halls 2–6, Dubai World Trade Centre, Dubai",,,350,600,,,per pitch per hour,5-a-side AED 350–450/hour; 7-a-side AED 500–600/hour. Seasonal 2026 venue runs 19 Jun–25 Aug.,true,2,14,60,60,{},Indoor summer football pitches in Za’abeel Halls 2–6.,https://www.dubaisportsworld.ae/sports/football/,https://www.dubaisportsworld.ae/sports/football/,,,https://www.dubaisportsworld.ae/sports/football/,2026-08-17T10:30:55.336979+00:00,2026-08-17T10:30:55.336979+00:00,true,true,false,,[],,,,,,,,published,
tennis,Tennis,9e3c12aa-f726-4818-9279-b9294233c82d,Dubai Sports World — Tennis,Dubai World Trade Centre,"Za’abeel Halls 2–6, Dubai World Trade Centre, Dubai",,,210,210,,,per court per hour,Indoor tennis court AED 210/hour. Seasonal 2026 venue runs 19 Jun–25 Aug.,true,1,4,60,60,{},Two indoor tennis courts at Dubai Sports World.,https://www.dubaisportsworld.ae/sports/tennis/,https://www.dubaisportsworld.ae/sports/tennis/,,,https://www.dubaisportsworld.ae/sports/tennis/,2026-08-17T10:30:55.336979+00:00,2026-08-17T10:30:55.336979+00:00,true,true,false,,[],,,,,,,,published,
padel,Padel,182c381e-8fd0-49ce-ba47-2d996444c7e5,Dubai Sports World Padel,Dubai World Trade Centre,"Za’abeel Halls 2-6, Al Mustaqbal Street, Dubai World Trade Centre, Dubai",,,210,210,52.5,52.5,per court; 60 min; per-person estimate assumes 4 players,AED 210 per court per hour. Seasonal summer venue; check current season before booking.,true,2,4,60,60,"{""daily"":""08:00-00:00""}",Two indoor padel courts inside Dubai Sports World.,https://www.dubaisportsworld.ae/sports/padel/,https://www.dubaisportsworld.ae/sports/padel/,,,https://www.dubaisportsworld.ae/sports/padel/,2026-08-17T08:11:21.866441+00:00,2026-08-17T08:11:21.866441+00:00,true,true,false,2,"[""indoor"",""equipment rental"",""seasonal summer venue""]",,,,,,,,published,
walking,Walking,258173d7-eb87-40fa-9323-50ca5f743326,Dubai Water Canal Walk,Business Bay / Al Safa,,,,0,0,0,0,free public walk,Public waterfront walking route; no activity fee.,false,1,,30,180,{},Waterfront paths and bridges along Dubai Water Canal.,https://www.visitdubai.com/en/places-to-visit/dubai-water-canal,,,,https://www.visitdubai.com/en/places-to-visit/dubai-water-canal,2026-08-17T10:30:55.336979+00:00,2026-08-17T10:30:55.336979+00:00,true,true,false,,[],,,,,,,,published,
escape-rooms,Escape Rooms,854e4370-f8d7-4823-aea9-7446219aaac6,Escape Hunt Dubai,Al Quoz / Galleria area,,,,120,185,120,185,per person,"Rates depend on group size and peak time: from AED 120–145 pp off-peak, up to AED 185 pp peak. Taxes extra.",true,2,5,60,90,{},Immersive escape room games; around 60 minutes in-room and 90 minutes total experience.,https://escapehunt.com/ae/dubai/,https://escapehunt.com/ae/dubai/,,,https://escapehunt.com/ae/dubai/faqs/,2026-08-17T10:30:55.336979+00:00,2026-08-17T10:30:55.336979+00:00,true,true,false,,[],,,,,,,,published,
museums-galleries,Museums / Galleries,3c3057cb-6531-4084-9f42-2d5284d6d18d,Etihad Museum,Jumeirah 1,,,,,,,,check venue,Check current admission price when booking.,true,1,,60,180,{},Museum dedicated to the formation and heritage of the UAE.,https://www.visitdubai.com/en/places-to-visit/etihad-museum,https://www.visitdubai.com/en/places-to-visit/etihad-museum,,,https://www.visitdubai.com/en/places-to-visit/etihad-museum,,2026-08-17T10:30:55.336979+00:00,true,true,false,,[],,,,,,,,published,
bowling,Bowling,ad8465f4-cb41-43fe-a3a1-19dd56e7cb0b,GLITCH,Deira,"Level 2, Al Ghurair Centre, Deira, Dubai",,,30,30,30,30,per person per game,AED 30 per person per bowling game.,true,1,6,,,{},Indoor games and entertainment venue at Al Ghurair Centre.,https://glitcharabia.com/en/pricing,https://glitcharabia.com/en/pricing,,,https://glitcharabia.com/en/pricing,2026-08-17T10:30:55.336979+00:00,2026-08-17T10:30:55.336979+00:00,true,true,false,,[],,,,,,,,published,
arcade-games,Arcade Games,433935df-ae4f-429f-8615-ab42f5c05ed3,GLITCH Arcade,Deira,"Level 2, Al Ghurair Centre, Deira, Dubai",,,20,30,20,30,per game,Arcade/video games AED 20; VR games AED 30.,true,1,5,,,{},"Arcades, VR, climbing, laser tag and more.",https://glitcharabia.com/en/pricing,https://glitcharabia.com/en/pricing,,,https://glitcharabia.com/en/pricing,2026-08-17T10:30:55.336979+00:00,2026-08-17T10:30:55.336979+00:00,true,true,false,,[],,,,,,,,published,
billiards-pool,Billiards / Pool,6c7aec6a-42c7-4c95-8273-6348d38253a8,GLITCH Billiards,Deira,"Level 2, Al Ghurair Centre, Deira, Dubai",,,40,40,10,40,per table per hour,"AED 40 for 60 minutes, up to 4 people.",true,1,4,60,60,{},Billiards inside GLITCH at Al Ghurair Centre.,https://glitcharabia.com/en/pricing,https://glitcharabia.com/en/pricing,,,https://glitcharabia.com/en/pricing,2026-08-17T10:30:55.336979+00:00,2026-08-17T10:30:55.336979+00:00,true,true,false,,[],,,,,,,,published,
indoor-climbing,Indoor Climbing,02b611ba-f888-4a58-8893-c1f2fdb95872,GLITCH Climbing & Ropes,Deira,"Level 2, Al Ghurair Centre, Deira, Dubai",,,30,50,30,50,per activity/person,"Cloud Climb AED 30, climbing wall AED 40, ropes course AED 50.",true,1,1,,,{},Indoor climbing and ropes attractions inside GLITCH.,https://glitcharabia.com/en/pricing,https://glitcharabia.com/en/pricing,,,https://glitcharabia.com/en/pricing,2026-08-17T10:30:55.336979+00:00,2026-08-17T10:30:55.336979+00:00,true,true,false,,[],,,,,,,,published,
hiking,Hiking,f463f80a-30a0-4ba8-adda-af8caf851415,Hatta Hiking Trails,Hatta,,,,0,0,0,0,free public trails,Public hiking routes; specialised tours/equipment may cost extra.,false,1,,60,360,{},Mountain hiking routes and nature adventures around Hatta.,https://www.visitdubai.com/en/beyond-dubai/nature-adventures-in-hatta,,,,https://www.visitdubai.com/en/beyond-dubai/nature-adventures-in-hatta,2026-08-17T10:30:55.336979+00:00,2026-08-17T10:30:55.336979+00:00,true,true,false,,[],,,,,,,,published,
hiking,Hiking,ce955d03-2145-46a9-b307-1e5fcfea7cae,Hatta Hill Park,Hatta,,,,0,0,0,0,free public park,Public park and hill walk; no activity fee.,false,1,,30,120,{},Hilltop park with walking routes and Hatta views.,https://www.visitdubai.com/en/places-to-visit/hatta-hill-park,,,,https://www.visitdubai.com/en/places-to-visit/hatta-hill-park,2026-08-17T10:30:55.336979+00:00,2026-08-17T10:30:55.336979+00:00,true,true,false,,[],,,,,,,,published,
cycling,Cycling,d3a42bc9-60d6-4db6-8efa-48ba1634d940,Hatta Mountain Bike Trail Centre,Hatta,,,,,,,,check activity/rental,Trail access and rentals/activities vary; check before travelling.,false,1,,60,360,{},Mountain-bike trail network in Hatta.,https://www.visitdubai.com/en/places-to-visit/hatta-mountain-bike-trail-centre,,,,https://www.visitdubai.com/en/places-to-visit/hatta-mountain-bike-trail-centre,,2026-08-17T10:30:55.336979+00:00,true,true,false,,[],,,,,,,,published,
hiking,Hiking,badfb600-60b4-46e7-b7c9-06cd6974f6dc,Hatta Wadi Hub,Hatta,,,,,,,,varies by activity,Entry/activity pricing varies by season and chosen activity.,false,1,,60,300,{},Outdoor adventure base for hiking and other Hatta activities.,https://www.visitdubai.com/places-to-visit/hatta-wadi-hub,https://www.visitdubai.com/places-to-visit/hatta-wadi-hub,,,https://www.visitdubai.com/places-to-visit/hatta-wadi-hub,,2026-08-17T10:30:55.336979+00:00,true,true,false,,[],,,,,,,,published,
theme-parks-attractions,Theme Parks / Attractions,c006a808-a79b-47f5-abf4-fb4090765c97,IMG Worlds of Adventure,City of Arabia,,,,365,365,365,365,per person,General admission AED 365 per person.,true,1,,240,480,{},"Large indoor theme park with Marvel, Cartoon Network and dinosaur zones.",https://www.visitdubai.com/en/places-to-visit/img-worlds-of-adventure,https://experiences.visitdubai.com/productDetail/9344,,,https://experiences.visitdubai.com/productDetail/9344,2026-08-17T10:30:55.336979+00:00,2026-08-17T10:30:55.336979+00:00,true,true,false,,[],,,,,,,,published,
padel,Padel,6b5d186b-309c-4010-a226-d86d269ea32a,ISD Padel — Dubai Sports City,Dubai Sports City,"ISD Padel Building, Sports Village, Dubai Sports City, Dubai",,,150,520,37.5,130,per court; 60/90/120 min; per-person estimate assumes 4 players,Rates vary by court type and duration: 60 min AED 150–350; 90 min AED 190–440; 120 min AED 490–520.,,2,4,60,120,{},Six indoor and three outdoor courts at ISD Dubai Sports City.,https://isddubai.com/service/book-padel-courts/,https://isddubai.com/service/book-padel-courts/,,,https://isddubai.com/service/book-padel-courts/,2026-08-17T08:11:21.866441+00:00,2026-08-17T08:11:21.866441+00:00,true,true,false,9,"[""indoor courts"",""outdoor courts"",""locker rooms"",""refreshments""]",,,,,,,,published,
museums-galleries,Museums / Galleries,a65aa41a-f327-4292-8e99-d0f900a5e126,Jameel Arts Centre,Jaddaf Waterfront,,,,,,,,check exhibition,Check current exhibition access; many exhibitions/programmes may be free.,true,1,,60,180,{},Contemporary arts institution and sculpture park.,https://www.visitdubai.com/en/places-to-visit/jameel-arts-centre,,,,https://www.visitdubai.com/en/places-to-visit/jameel-arts-centre,,2026-08-17T10:30:55.336979+00:00,true,true,false,,[],,,,,,,,published,
padel,Padel,296f78a5-afe6-4a1c-b043-290e7e0ea5c9,Just Padel Dubai Ladies Club,Jumeirah,"Dubai Ladies Club, Jumeirah, Dubai",,,220,220,55,100,per court; 45/90 min; per-person estimate assumes 4 players,AED 220 for first 45 min + AED 180 for an extra 45 min (AED 400 total for 90 min).,false,2,4,45,90,"{""daily"":""13:00-00:00""}",Ladies-only outdoor padel location at Dubai Ladies Club.,https://justpadel.ae/courts/,,,,https://justpadel.ae/courts/,2026-08-17T08:11:21.866441+00:00,2026-08-17T08:11:21.866441+00:00,true,true,true,2,"[""equipment rental"",""ladies only""]",,,,,,,,published,
padel,Padel,9aa87a32-ab6b-47b0-9a60-0b1630be1b63,Just Padel Kite Beach,Kite Beach,"Kite Beach, Jumeirah, Dubai",,,220,220,55,100,per court; 45/90 min; per-person estimate assumes 4 players,AED 220 for first 45 min + AED 180 for an extra 45 min (AED 400 total for 90 min).,false,2,4,45,90,"{""daily"":""06:00-00:00""}",Four outdoor courts at Kite Beach with equipment rental available.,https://justpadel.ae/courts/,https://book.justpadel.ae/,,,https://justpadel.ae/courts/,2026-08-17T08:11:21.866441+00:00,2026-08-17T08:11:21.866441+00:00,true,true,false,4,"[""equipment rental"",""beachside""]",,,,,,,,published,
padel,Padel,64447503-c2b9-4b8f-8354-82a97e4863ab,Just Padel Mina Rashid — Indoor,Mina Rashid,"Mina Rashid, Dubai",,,220,220,55,100,per court; 45/90 min; per-person estimate assumes 4 players,AED 220 for first 45 min + AED 180 for an extra 45 min (AED 400 total for 90 min).,true,2,4,45,90,"{""daily"":""07:30-00:00""}","Eight indoor air-conditioned courts with lounge, showers, café and free parking.",https://justpadel.ae/courts/,https://book.justpadel.ae/,,,https://justpadel.ae/courts/,2026-08-17T08:11:21.866441+00:00,2026-08-17T08:11:21.866441+00:00,true,true,false,8,"[""air conditioned"",""showers"",""cafe"",""free parking"",""wheelchair accessible""]",,,,,,,,published,
padel,Padel,5618fe7e-1699-48f7-9be1-7b2c9b035ac0,Just Padel Mina Rashid — Outdoor,Mina Rashid,"Mina Rashid, Dubai",,,220,220,55,100,per court; 45/90 min; per-person estimate assumes 4 players,AED 220 for first 45 min + AED 180 for an extra 45 min (AED 400 total for 90 min).,false,2,4,45,90,"{""daily"":""08:00-00:00""}","Four outdoor courts with showers, café and free parking.",https://justpadel.ae/courts/,https://book.justpadel.ae/,,,https://justpadel.ae/courts/,2026-08-17T08:11:21.866441+00:00,2026-08-17T08:11:21.866441+00:00,true,true,false,4,"[""showers"",""cafe"",""free parking""]",,,,,,,,published,
padel,Padel,01acff5e-a583-4757-a5d6-93e8ffe31f83,Just Padel Ripe Market,Ripe Market,"Ripe Market, Dubai",,,180,180,45,82.5,per court; 45/90 min; per-person estimate assumes 4 players,AED 180 for first 45 min + AED 150 for an extra 45 min (AED 330 total for 90 min).,false,2,4,45,90,"{""daily"":""15:45-23:15""}",Five outdoor courts at Ripe Market with equipment rental available.,https://justpadel.ae/courts/,https://book.justpadel.ae/,,,https://justpadel.ae/courts/,2026-08-17T08:11:21.866441+00:00,2026-08-17T08:11:21.866441+00:00,true,true,false,5,"[""equipment rental""]",,,,,,,,published,
padel,Padel,d831b427-d330-4b2d-87e3-3912f249f3bf,Just Padel The Square — Nad Al Sheba Gardens,Nad Al Sheba,"The Square, Nad Al Sheba Gardens, Dubai",,,180,180,45,82.5,per court; 45/90 min; per-person estimate assumes 4 players,AED 180 for first 45 min + AED 150 for an extra 45 min (AED 330 total for 90 min).,false,2,4,45,90,"{""daily"":""16:30-23:15""}",Two outdoor courts at The Square in Nad Al Sheba Gardens.,https://justpadel.ae/courts/,https://book.justpadel.ae/,,,https://justpadel.ae/courts/,2026-08-17T08:11:21.866441+00:00,2026-08-17T08:11:21.866441+00:00,true,true,false,2,"[""equipment rental""]",,,,,,,,published,
beach,Beach,c90a2a32-0df1-42d9-8bd5-6ddd8d258a3c,Kite Beach,Jumeirah,,,,0,0,0,0,free entry,Public beach; entry is free. Paid activities/food are extra.,false,1,,,,{},Public Dubai beach.,https://www.visitdubai.com/en/places-to-visit/kite-beach,,,,https://www.visitdubai.com/en/places-to-visit/kite-beach,2026-08-17T10:30:55.336979+00:00,2026-08-17T10:30:55.336979+00:00,true,true,false,,[],,,,,,,,published,
water-sports,Water Sports,d93fe650-8edc-40f9-8b74-567eba6b5115,Kite N Surf — Nessnass Beach,Nessnass Beach,,,,90,125,90,125,per person/board,SUP rental AED 90/hour; lesson + rental AED 125/hour.,false,1,1,60,60,{},Stand-up paddleboard rentals and lessons.,https://kitensurf.ae/locations/kite-n-surf-nessnass-beach/,https://kitensurf.ae/locations/kite-n-surf-nessnass-beach/,,,https://kitensurf.ae/locations/kite-n-surf-nessnass-beach/,2026-08-17T10:30:55.336979+00:00,2026-08-17T10:30:55.336979+00:00,true,true,false,,[],,,,,,,,published,
water-sports,Water Sports,45b2e856-2b40-4714-af15-e3dc739ac244,Kite N Surf — Palm Jumeirah,Palm Jumeirah,,,,90,125,,,per board/kayak per hour,SUP AED 90/hour; single kayak AED 90/hour; double kayak AED 125/hour.,false,1,2,60,60,{},SUP and kayak rentals with equipment and briefing.,https://kitensurf.ae/locations/kite-n-surf-palm-jumeirah/,https://kitensurf.ae/locations/kite-n-surf-palm-jumeirah/,,,https://kitensurf.ae/locations/kite-n-surf-palm-jumeirah/,2026-08-17T10:30:55.336979+00:00,2026-08-17T10:30:55.336979+00:00,true,true,false,,[],,,,,,,,published,
arcade-games,Arcade Games,e303f655-d3e1-4c3e-a6eb-73c06be68f69,Magic Planet — Mall of the Emirates,Al Barsha,"Mall of the Emirates, Al Barsha, Dubai",,,,,,,points/packages,Pay-to-play points and packages; check current package pricing.,true,1,8,,,{},Large indoor arcade and family entertainment venue.,https://www.magicplanetmena.com/en-ae,https://www.magicplanetmena.com/en-ae,,,https://www.magicplanetmena.com/en-ae,,2026-08-17T10:30:55.336979+00:00,true,true,false,,[],,,,,,,,published,
padel,Padel,b38d7221-9a9b-4110-b125-8353e5761d9c,Matcha Club Al Quoz,Al Quoz,"20 8 St, Al Quoz, Dubai",,,400,400,100,100,per court; 90 min,AED 400 for a single 90-minute session (AED 100 per player for four players).,false,2,4,90,90,{},Premium nature-inspired padel courts at Matcha Club in Al Quoz.,https://matcha-club.com/padel/,https://matcha-club.com/padel/,,,https://matcha-club.com/padel/,2026-08-17T08:11:21.866441+00:00,2026-08-17T08:11:21.866441+00:00,true,true,false,,"[""cafe"",""coaching""]",,,,,,,,published,
theme-parks-attractions,Theme Parks / Attractions,3cc35dbd-ae08-4e7b-bbfa-5072a97b7dfb,Motiongate Dubai,Dubai Parks and Resorts,,,,330,330,330,330,per person from,Individual day ticket starts at AED 330; multi-park ticket options also available.,false,1,,240,480,{},Hollywood-inspired theme park at Dubai Parks and Resorts.,https://www.visitdubai.com/en/places-to-visit/motiongate-park-dubai,https://www.visitdubai.com/en/places-to-visit/motiongate-park-dubai,,,https://www.visitdubai.com/en/places-to-visit/motiongate-park-dubai,2026-08-17T10:30:55.336979+00:00,2026-08-17T10:30:55.336979+00:00,true,true,false,,[],,,,,,,,published,
indoor-climbing,Indoor Climbing,82343782-9c69-4d42-be6f-9729a9475f8c,Mountain Extreme,Al Quoz,"Al Quoz 3, Dubai",,,125,125,125,125,per person all-day pass,All-day pass AED 125 plus VAT.,true,1,,60,600,{},"Dubai indoor climbing gym with bouldering, top rope and auto belays.",https://www.mtnextreme.com/,https://www.mtnextreme.com/book-now,,,https://www.mtnextreme.com/book-now,2026-08-17T10:30:55.336979+00:00,2026-08-17T10:30:55.336979+00:00,true,true,false,,[],,,,,,,,published,
theme-parks-attractions,Theme Parks / Attractions,322fbebc-af55-4e05-8c6e-03ccf967c433,Museum of Illusions Dubai,Al Seef,,,,90,90,90,90,per person,General admission from AED 90.,true,1,,60,90,{},Interactive optical-illusion attraction in Al Seef.,https://museumofillusions.ae/,https://museumofillusions.ae/,,,https://experiences.visitdubai.com/category/1260,2026-08-17T10:30:55.336979+00:00,2026-08-17T10:30:55.336979+00:00,true,true,false,,[],,,,,,,,published,
museums-galleries,Museums / Galleries,ee82bc0f-fcd2-453b-a79c-efeee20e41a9,Museum of the Future,Trade Centre / Emirates Towers,"Sheikh Zayed Road, Dubai",,,169,169,169,169,per person,General admission from AED 169. Current 2026 family promotion may include one child under 12 free per paying adult through 15 Sep 2026.,true,1,,120,180,{},"Immersive museum focused on science, technology and possible futures.",https://www.visitdubai.com/en/places-to-visit/museum-of-the-future,https://experiences.visitdubai.com/museum-of-the-future-get-your-tickets,,,https://experiences.visitdubai.com/museum-of-the-future-get-your-tickets,2026-08-17T10:30:55.336979+00:00,2026-08-17T10:30:55.336979+00:00,true,true,false,,[],,,,,,,,published,
picnic-park,Picnic / Park,9ec33067-86d0-483a-9a3b-42f894bddc5f,Mushrif National Park,Mushrif,,,,,,,,check park entry,Check current vehicle/person entry fee and activity charges.,false,1,,60,360,{},"Large park with picnic areas, trails and family activities.",https://www.visitdubai.com/en/places-to-visit/mushrif-national-park,,,,https://www.visitdubai.com/en/places-to-visit/mushrif-national-park,,2026-08-17T10:30:55.336979+00:00,true,true,false,,[],,,,,,,,published,
cycling,Cycling,8594e408-37c4-4ac0-9455-fd70d588eaa4,Nad Al Sheba Cycle Park,Nad Al Sheba,,,,0,0,0,0,free track access,Public cycling park; bring/rent a bike separately.,false,1,,30,180,{},Dedicated cycling track with route options and city views.,https://www.visitdubai.com/en/places-to-visit/nad-al-sheba-cycle-park,,,,https://www.visitdubai.com/en/places-to-visit/nad-al-sheba-cycle-park,2026-08-17T10:30:55.336979+00:00,2026-08-17T10:30:55.336979+00:00,true,true,false,,[],,,,,,,,published,
beach,Beach,552716e4-53b1-4116-bf7f-5e38b638148b,Nessnass Beach,Jumeirah,,,,0,0,0,0,free entry,Public beach; entry is free. Paid activities/food are extra.,false,1,,,,{},Public Dubai beach.,https://www.visitdubai.com/en/places-to-visit/jumeirah-nessnass-beach,,,,https://www.visitdubai.com/en/places-to-visit/jumeirah-nessnass-beach,2026-08-17T10:30:55.336979+00:00,2026-08-17T10:30:55.336979+00:00,true,true,false,,[],,,,,,,,published,
coffee-cafe,Coffee / Café,cfc280f1-4471-47da-a6e4-148abe31f086,Nightjar Coffee Roasters,Al Quoz,"Alserkal Avenue, Al Quoz, Dubai",,,,,,,menu pricing,Menu pricing varies; check current menu.,true,1,8,30,120,{},Specialty coffee roaster and café in Alserkal Avenue.,https://www.visitdubai.com/en/restaurants/nightjar-coffee-roasters,,,,https://www.visitdubai.com/en/restaurants/nightjar-coffee-roasters,,2026-08-17T10:30:55.336979+00:00,true,true,false,,[],,,,,,,,published,
escape-rooms,Escape Rooms,5c79f1f3-2539-4bf9-8c3b-e1336b9b09e5,NoWayOut — City Walk,City Walk,"Shop B12-00-01, City Walk Mall, Al Wasl, Dubai",,,128,168,128,168,per person,Rooms generally start from AED 128–168 per player depending on game.,true,2,6,60,60,{},"Escape rooms including Houdini, The Castle and Psycho.",https://www.nowayout.ae/rooms/,https://www.nowayout.ae/rooms/,,,https://www.nowayout.ae/rooms/,2026-08-17T10:30:55.336979+00:00,2026-08-17T10:30:55.336979+00:00,true,true,false,,[],,,,,,,,published,
escape-rooms,Escape Rooms,b1e2249f-4fab-478c-81be-41b553b25286,NoWayOut — JLT,JLT,"Cluster M, HDS Business Center, Shop 05, JLT, Dubai",,,120,168,120,168,per person,Rooms generally start from AED 120–168 per player depending on game.,true,2,8,60,60,{},"Escape rooms including Maniac, Da Vinci, Vault and more.",https://www.nowayout.ae/rooms/,https://www.nowayout.ae/rooms/,,,https://www.nowayout.ae/rooms/,2026-08-17T10:30:55.336979+00:00,2026-08-17T10:30:55.336979+00:00,true,true,false,,[],,,,,,,,published,
desert-activities,Desert Activities,2c1aac82-5f62-4c82-b2c2-3603bca4446d,OceanAir — Al Marmoom Heritage Evening Safari,Al Marmoom,,,,595,595,595,595,per person,Shared heritage evening safari from AED 595 per person.,false,1,6,360,360,{},"Vintage G-Class desert tour, Bedouin village and three-course dinner.",https://experiences.visitdubai.com/productDetail/24000,https://experiences.visitdubai.com/productDetail/24000,,,https://experiences.visitdubai.com/productDetail/24000,2026-08-17T10:30:55.336979+00:00,2026-08-17T10:30:55.336979+00:00,true,true,false,,[],,,,,,,,published,
coffee-cafe,Coffee / Café,a6de888e-0f17-4b82-8deb-8e9606ea01ba,Orijins,DIFC,"Gate Village 8, DIFC, Dubai",,,,,,,menu pricing,Menu pricing varies; check current menu.,true,1,8,30,120,{},Minimalist specialty café in DIFC Gate Village.,https://www.orijins.com/,https://www.orijins.com/,,,https://www.orijins.com/,,2026-08-17T10:30:55.336979+00:00,true,true,false,,[],,,,,,,,published,
padel,Padel,14286c55-7b07-4f5a-8691-1903f3854167,Oxygen Padel Club,Al Quoz,"Al Quoz 4, Dubai",,,220,450,55,112.5,per court; 60/90 min; per-person estimate assumes 4 players,Court rates vary by time: AED 220–360 for 60 min and AED 360–450 for 90 min.,true,2,4,60,90,"{""daily"":""07:00-01:00""}","Seven panoramic courts with smart-court technology, café, spa/recovery facilities, valet parking and match recording.",https://oxygenclub.ae/,https://oxygenclub.ae/,,,https://oxygenclub.ae/,2026-08-17T08:11:21.866441+00:00,2026-08-17T08:11:21.866441+00:00,true,true,false,7,"[""smart courts"",""match recording"",""cafe"",""spa"",""valet parking"",""car wash""]",,,,,,,,published,
padel,Padel,a2805a58-7001-48b6-a64f-2637c24cdac6,Padel Pro Al Quoz,Al Quoz,"Warehouse SO1, Al Marabea St., Al Quoz Industrial Area 2, Dubai",,,400,400,100,100,per court; 90 min; per-person estimate assumes 4 players,AED 400 full-court booking for a 90-minute indoor match.,true,2,4,90,90,"{""daily"":""06:00-00:00""}","Four panoramic indoor courts with pro shop, café, lounge, changing facilities and free parking.",https://padelpro.ae/,https://padelpro.ae/court-booking/,,,https://padelpro.ae/indoor-prices/,2026-08-17T08:11:21.866441+00:00,2026-08-17T08:11:21.866441+00:00,true,true,false,4,"[""indoor"",""cafe"",""pro shop"",""changing facilities"",""free parking""]",,,,,,,,published,
padel,Padel,37fabf1b-a9e4-41b3-bbe9-11bba1688226,Padel Pro One Central,One Central / DWTC,"Parking 1, The Trade Centre Apartments Block C, One Central, DWTC, Dubai",,,360,360,90,90,per court; 90 min; per-person estimate assumes 4 players,AED 360 full-court booking for a 90-minute outdoor match.,false,2,4,90,90,"{""daily"":""06:00-00:00""}","Five panoramic outdoor courts with pro shop, café, lounge, changing facilities, outdoor gym and free parking.",https://padelpro.ae/,https://padelpro.ae/court-booking/,,,https://padelpro.ae/outdoor-prices/,2026-08-17T08:11:21.866441+00:00,2026-08-17T08:11:21.866441+00:00,true,true,false,5,"[""outdoor"",""cafe"",""pro shop"",""changing facilities"",""outdoor gym"",""free parking""]",,,,,,,,published,
restaurants-food,Restaurants / Food,9ceebe7c-779a-4769-99c7-05be45992d7d,Ravi Restaurant,Al Satwa,,,,,,,,menu pricing,Affordable à-la-carte menu; check current dish prices.,true,1,10,45,120,{},Legendary Pakistani restaurant in Satwa.,https://www.visitdubai.com/en/restaurants/ravi-restaurant,,,,https://www.visitdubai.com/en/restaurants/ravi-restaurant,,2026-08-17T10:30:55.336979+00:00,true,true,false,,[],,,,,,,,published,
cinema,Cinema,ec47c9f3-bbfb-4c7c-918f-8618a47a2283,Reel Cinemas — Dubai Mall,Downtown Dubai,,,,,,,,per ticket; varies,Ticket price varies by movie and experience.,true,1,8,90,180,{},"Cinema at Dubai Mall with Standard, Dolby, ScreenX and premium formats.",https://reelcinemas.com/en-ae/locations/thedubaimall/,https://reelcinemas.com/en-ae/locations/thedubaimall/,,,https://reelcinemas.com/en-ae/locations/thedubaimall/,,2026-08-17T10:30:55.336979+00:00,true,true,false,,[],,,,,,,,published,
cinema,Cinema,12d72cf0-ad14-4feb-8d9b-963598d67945,Reel Cinemas — Dubai Marina Mall,Dubai Marina,,,,,,,,per ticket; varies,Ticket price varies by movie and experience.,true,1,8,90,180,{},Reel Cinemas location at Dubai Marina Mall.,https://reelcinemas.com/en-ae/,https://reelcinemas.com/en-ae/,,,https://uae.reelcinemas.com/en-ae/experiences/reel-standard/,,2026-08-17T10:30:55.336979+00:00,true,true,false,,[],,,,,,,,published,
restaurants-food,Restaurants / Food,bc1ee697-b3ab-4bb8-bff0-508249e77c53,Reif Japanese Kushiyaki,Jumeirah,,,,,,,,menu pricing,À-la-carte Japanese menu; check current prices.,true,1,8,60,120,{},Homegrown Japanese kushiyaki and casual dining concept.,https://www.visitdubai.com/en/restaurants/reif-japanese-kushiyaki,,,,https://www.visitdubai.com/en/restaurants/reif-japanese-kushiyaki,,2026-08-17T10:30:55.336979+00:00,true,true,false,,[],,,,,,,,published,
swimming-pool-day,Swimming / Pool Day,833c8ba1-21a3-4eac-8055-dbcac0252399,RIVA Beach Club,Palm Jumeirah,"The Shoreline Palm, Building 8, Palm Jumeirah, Dubai",,,99,150,99,150,per adult day entry,Adult entry AED 99 Mon–Fri (includes AED 89 F&B credit); AED 150 weekends (includes AED 125 F&B credit).,false,1,,120,600,{},Pool and private beach day on Palm Jumeirah.,https://riva-beach.com/,https://riva-beach.com/,,,https://riva-beach.com/promotions.html,2026-08-17T10:30:55.336979+00:00,2026-08-17T10:30:55.336979+00:00,true,true,false,,[],,,,,,,,published,
cinema,Cinema,6c7ca07f-de3c-4e7b-875c-ccafdd47241d,ROXY Cinemas — Dubai Hills Mall,Dubai Hills,,,,,,,,per ticket; varies,Ticket price varies by movie and seating class.,true,1,8,90,180,{},Premium cinema with ROXY Xtreme and multiple seating classes.,https://www.theroxycinemas.com/en/Dubai%20Hills,https://www.theroxycinemas.com/en/Dubai%20Hills,,,https://www.theroxycinemas.com/en/about-us,,2026-08-17T10:30:55.336979+00:00,true,true,false,,[],,,,,,,,published,
picnic-park,Picnic / Park,8584e119-94b1-45ec-a9fb-1021a1522f57,Safa Park,Al Safa,,,,,,,,check park entry,Check current park entry fee.,false,1,,60,300,{},Central green park near Dubai Water Canal.,https://www.visitdubai.com/en/places-to-visit/safa-park,,,,https://www.visitdubai.com/en/places-to-visit/safa-park,,2026-08-17T10:30:55.336979+00:00,true,true,false,,[],,,,,,,,published,
padel,Padel,1dc60b9a-1d63-4804-b247-37e6b5d0b98f,Sanddune Padel Club,Al Quoz,"Al Quoz Industrial Area 3, Dubai",,,300,,75,,per court; starting price; per-person estimate assumes 4 players,Court booking from AED 300 depending on availability and timing; weekday morning promotion advertised at AED 75 per person.,true,2,4,,,{},Indoor club with five climate-controlled courts plus coaching and recovery facilities.,https://www.sanddune.ae/,https://www.sanddune.ae/,,,https://www.sanddune.ae/,2026-08-17T08:11:21.866441+00:00,2026-08-17T08:11:21.866441+00:00,true,true,false,5,"[""indoor"",""air conditioned"",""coaching"",""sauna"",""ice bath""]",,,,,,,,published,
beach,Beach,eb91b1e6-78b2-4218-9ce1-84a05ae661a9,Sunset Beach,Jumeirah,,,,0,0,0,0,free entry,Public beach; entry is free. Paid activities/food are extra.,false,1,,,,{},Public Dubai beach.,https://www.visitdubai.com/places-to-visit/sunset-beach,,,,https://www.visitdubai.com/places-to-visit/sunset-beach,2026-08-17T10:30:55.336979+00:00,2026-08-17T10:30:55.336979+00:00,true,true,false,,[],,,,,,,,published,
beach,Beach,a8e5d49c-1e7e-40b9-b46d-5c5a0588d98b,"The Beach, JBR",JBR,,,,0,0,0,0,free entry,Public beach; entry is free. Paid activities/food are extra.,false,1,,,,{},Public Dubai beach.,https://www.visitdubai.com/en/places-to-visit/beach-jbr,,,,https://www.visitdubai.com/en/places-to-visit/beach-jbr,2026-08-17T10:30:55.336979+00:00,2026-08-17T10:30:55.336979+00:00,true,true,false,,[],,,,,,,,published,
billiards-pool,Billiards / Pool,b724b8e2-cd2b-403d-96b6-a5f1c5d4ae1c,Thunderdome Billiard,International City,,,,30,35,,,per table per hour,Standard billiards around AED 30/hour and snooker AED 35/hour; check current rate.,true,1,4,60,60,{},Billiards and snooker venue.,https://thunderdomebilliard.com/,https://thunderdomebilliard.com/,,,https://thunderdomebilliard.com/,2026-08-17T10:30:55.336979+00:00,2026-08-17T10:30:55.336979+00:00,true,true,false,,[],,,,,,,,published,
golf-driving-range,Golf / Driving Range,c8a721ad-1d43-493f-a3b2-433b5e0c0083,Topgolf Dubai,Emirates Hills,,,,99,260,,,per bay per hour,Bay pricing ranges from AED 99 to AED 260 per hour depending on day/time. Up to 6 people per bay; AED 20 membership required for new players.,true,1,6,60,180,{},Technology-enabled driving range and social golf venue.,https://topgolf.ae/dubai/play/pricing/,https://topgolf.ae/dubai/visit/,,,https://topgolf.ae/dubai/play/pricing/,2026-08-17T10:30:55.336979+00:00,2026-08-17T10:30:55.336979+00:00,true,true,false,,[],,,,,,,,published,
trampoline-parks,Trampoline Parks,36ed6d0a-3d04-49f8-9d4e-e10d714168ff,Trampo Extreme — Palm Jumeirah Mall,Palm Jumeirah,,,,90,90,90,90,per person/hour,Trampoline JUMP entry AED 90/hour at venue; online rate may be lower.,true,1,,60,120,{},"Trampoline court, foam pit, dodgeball, basketball and obstacle course.",https://trampo-uae.com/nakheel-mall-venue/,https://trampo-uae.com/nakheel-mall-venue/,,,https://trampo-uae.com/nakheel-mall-venue/,2026-08-17T10:30:55.336979+00:00,2026-08-17T10:30:55.336979+00:00,true,true,false,,[],,,,,,,,published,
arcade-games,Arcade Games,a92b21b6-3285-4204-9308-ef126b148947,Trampo Extreme Arcade — Palm Jumeirah Mall,Palm Jumeirah,,,,10,10,10,10,per game from,Arcade games start from AED 10 per game using a TAP & PLAY card.,true,1,4,,,{},Arcade games alongside trampoline and play attractions.,https://trampo-uae.com/nakheel-mall-venue/,https://trampo-uae.com/nakheel-mall-venue/,,,https://trampo-uae.com/nakheel-mall-venue/,2026-08-17T10:30:55.336979+00:00,2026-08-17T10:30:55.336979+00:00,true,true,false,,[],,,,,,,,published,
padel,Padel,bbef2761-2c4f-41c9-b92b-e92d37192f40,Viya Padel — Dusit Thani Dubai,DIFC / Trade Centre,"Dusit Thani Dubai, Sheikh Zayed Road, Dubai",,,75,95,75,95,per person; 90 min,Viya guest pay-and-play rate: AED 75 per person off-peak or AED 95 per person peak for 90 minutes; confirm location-specific availability in Viya.,,1,4,90,90,"{""daily"":""07:00-23:00""}",Central Viya Padel location at Dusit Thani Dubai.,https://www.dubaigolf.com/viya-padel/our-locations/dusit-thani-dubai/,https://www.dubaigolf.com/viya-padel/pay-play/,,,https://www.dubaigolf.com/viya-padel/pay-play/,2026-08-17T08:11:21.866441+00:00,2026-08-17T08:11:21.866441+00:00,true,true,false,,"[""central location"",""coaching""]",,,,,,,,published,
padel,Padel,6ee5b663-2388-4109-9963-884a93e7de79,Viya Padel — Emirates Golf Club,Emirates Golf Club,"Emirates Golf Club, Dubai",,,75,95,75,95,per person; 90 min,Guest 90-minute pay-and-play: AED 75 per person off-peak or AED 95 per person peak.,,1,4,90,90,"{""daily"":""07:00-23:00""}","Viya Padel location at Emirates Golf Club with coaching, programmes and pay-and-play.",https://www.dubaigolf.com/viya-padel/our-locations/emirates-golf-club/,https://www.dubaigolf.com/viya-padel/pay-play/,,,https://www.dubaigolf.com/viya-padel/pay-play/,2026-08-17T08:11:21.866441+00:00,2026-08-17T08:11:21.866441+00:00,true,true,false,,"[""coaching"",""pay and play""]",,,,,,,,published,
padel,Padel,a958a93e-6040-4f82-9bd4-22c4a31c2e1c,Viya Padel — Jumeirah Golf Estates,Jumeirah Golf Estates,"Jumeirah Golf Estates, Dubai",,,75,95,75,95,per person; 90 min,Guest 90-minute pay-and-play: AED 75 per person off-peak or AED 95 per person peak.,,1,4,90,90,"{""daily"":""07:00-22:00""}","Four padel courts at Jumeirah Golf Estates with pay-and-play, coaching and programmes.",https://www.dubaigolf.com/viya-padel/our-locations/jumeirah-golf-estates/,https://www.dubaigolf.com/viya-padel/pay-play/,,,https://www.dubaigolf.com/viya-padel/pay-play/,2026-08-17T08:11:21.866441+00:00,2026-08-17T08:11:21.866441+00:00,true,true,false,4,"[""coaching"",""pay and play""]",,,,,,,,published,
cinema,Cinema,1781b73f-9459-4209-81b8-4d60e3c1b57e,VOX Cinemas — Mall of the Emirates,Al Barsha,"Mall of the Emirates, Al Barsha 1, Dubai",,,,,,,per ticket; varies,"Ticket price varies by movie, date and cinema experience.",true,1,8,90,180,{},24-screen cinema complex with multiple premium experiences.,https://uae.voxcinemas.com/cinemas/mall-of-the-emirates,https://uae.voxcinemas.com/cinemas/mall-of-the-emirates,,,https://uae.voxcinemas.com/cinemas/mall-of-the-emirates,,2026-08-17T10:30:55.336979+00:00,true,true,false,,[],,,,,,,,published,
bowling,Bowling,7cdbfedb-43b6-4009-91a6-60a3eb70a0d5,Wavehouse — Atlantis The Palm,Palm Jumeirah,,,,370,370,,,per lane per hour,Bowling lanes from AED 370 per hour; offers may vary by day.,true,1,6,60,60,{},"Bowling, arcade and dining at Atlantis The Palm.",https://www.atlantis.com/dubai/atlantis-the-palm/dining/wavehouse,https://www.atlantis.com/dubai/atlantis-the-palm/dining/wavehouse,,,https://www.atlantis.com/dubai/atlantis-the-palm/dining/wavehouse,2026-08-17T10:30:55.336979+00:00,2026-08-17T10:30:55.336979+00:00,true,true,false,,[],,,,,,,,published,
arcade-games,Arcade Games,fb5aeccd-f736-456c-a9b9-759d96c203af,Wavehouse Arcade — Atlantis The Palm,Palm Jumeirah,,,,,,,,credits/packages,70+ arcade games over two levels; packages/credits vary.,true,1,8,,,{},Two-level arcade with more than 70 games.,https://www.atlantis.com/dubai/atlantis-the-palm/dining/wavehouse,https://www.atlantis.com/dubai/atlantis-the-palm/dining/wavehouse,,,https://www.atlantis.com/dubai/atlantis-the-palm/dining/wavehouse,,2026-08-17T10:30:55.336979+00:00,true,true,false,,[],,,,,,,,published,
water-sports,Water Sports,3ec5ef46-72f8-4d26-b8dd-2e67bd526042,Wavehouse Surf’s Up,Palm Jumeirah,,,,475,475,,,per hour,Wave Rider surfing/bodyboarding AED 475 per hour.,true,1,6,60,60,{},Indoor/outdoor-style continuous wave rider at Atlantis The Palm.,https://www.atlantis.com/dubai/atlantis-the-palm/dining/wavehouse,https://www.atlantis.com/dubai/atlantis-the-palm/dining/wavehouse,,,https://www.atlantis.com/dubai/atlantis-the-palm/dining/wavehouse,2026-08-17T10:30:55.336979+00:00,2026-08-17T10:30:55.336979+00:00,true,true,false,,[],,,,,,,,published,
coffee-cafe,Coffee / Café,abe3b874-a339-4271-a5ba-72e29a9e0fd0,XVA Café,Al Fahidi,,,,,,,,menu pricing,Menu pricing varies; check current menu.,true,1,8,30,120,{},Courtyard café inside XVA Art Hotel in historic Al Fahidi.,https://www.xvahotel.com/cafe/,https://www.xvahotel.com/cafe/,,,https://www.visitdubai.com/en/articles/dubais-hipster-cafes,,2026-08-17T10:30:55.336979+00:00,true,true,false,,[],,,,,,,,published,
picnic-park,Picnic / Park,f9bee1a8-85c4-41c2-9b94-f4c40010e4c8,Zabeel Park,Zabeel,,,,,,,,check park entry,Park access may have a small municipality entry fee; check current gate price.,false,1,,60,300,{},"Large green park with picnic, barbecue and activity areas.",https://www.visitdubai.com/en/places-to-visit/zabeel-park,,,,https://www.visitdubai.com/en/places-to-visit/zabeel-park,,2026-08-17T10:30:55.336979+00:00,true,true,false,,[],,,,,,,,published,